Experiencia,Fornecedor,Qtd_ingressos,Valor_cheio,Apareceu_transferir,Era_pra_transferir,Diferenca
Aula de Tufting (Ter/Qui/Sex),Lado B,1,270.00,170.10,189.00,18.90
Buquê de Flores,Meigo Mimo,1,200.00,126.00,140.00,14.00
Buquê de Flores,Meigo Mimo,1,200.00,126.00,140.00,14.00
Buquê de Flores,Meigo Mimo,1,200.00,126.00,140.00,14.00
Buquê de Flores,Meigo Mimo,1,200.00,132.50,140.00,7.50
Buquê de Flores,Meigo Mimo,1,200.00,126.00,140.00,14.00
Buquê de Flores,Meigo Mimo,1,200.00,126.00,140.00,14.00
Buquê de Flores,Meigo Mimo,1,200.00,126.00,140.00,14.00
Buquê de Flores,Meigo Mimo,1,200.00,126.00,140.00,14.00
Buquê de Flores,Meigo Mimo,2,400.00,252.00,280.00,28.00
Buquê de Flores & Home Spray,Meigo Mimo,1,200.00,126.00,140.00,14.00
Buquê de Flores & Home Spray,Meigo Mimo,1,200.00,126.00,140.00,14.00
Buquê de Flores & Home Spray,Meigo Mimo,2,400.00,264.78,280.00,15.22
Buquê de Flores & Home Spray,Meigo Mimo,2,400.00,252.00,280.00,28.00
Buquê de Flores & Home Spray + Coffee Break São João,Meigo Mimo,1,220.00,145.73,154.00,8.27
Buquê de Flores & Home Spray + Coffee Break São João,Meigo Mimo,2,440.00,277.20,308.00,30.80
Buquê de Flores & Home Spray + Coffee Break São João,Meigo Mimo,1,220.00,145.73,154.00,8.27
Buquê de Flores & Home Spray + Coffee Break São João,Meigo Mimo,1,220.00,145.73,154.00,8.27
Collage Club,Collage Club,1,100.00,81.90,70.00,-11.90
Collage Club,Collage Club,1,100.00,81.90,70.00,-11.90
Collage Club,Collage Club,1,100.00,81.90,70.00,-11.90
Collage Club,Collage Club,2,200.00,132.50,140.00,7.50
Crie Seu Próprio Lip Balm,Pollen & Pop,2,560.00,352.80,392.00,39.20
Drinks & Petiscos - Limão e Café,Receitaria Escola Gourmet,1,425.00,268.10,297.50,29.40
Experiência em Ourivesaria: Crie sua Joia,Perséfone Lab,2,518.00,362.60,362.60,0.00
Gastronomia Molecular: Gelatinização & Espumas,Receitaria Escola Gourmet,1,425.00,268.10,297.50,29.40
Modelagem em Cerâmica: Single´s Day,Repô Cerâmica,1,250.00,157.50,175.00,17.50
Oficina de Bolsa de Crochê,Juliana Aoki,1,190.00,100.80,133.00,32.20
Oficina de Bolsa de Crochê,Juliana Aoki,1,190.00,100.80,133.00,32.20
Oficina de Bolsa de Crochê,Juliana Aoki,1,190.00,100.80,133.00,32.20
Oficina de Bolsa de Crochê,Juliana Aoki,1,190.00,100.80,133.00,32.20
Oficina de Bolsa de Crochê,Juliana Aoki,1,190.00,100.80,133.00,32.20
Oficina de Bolsa de Crochê,Juliana Aoki,1,190.00,100.80,133.00,32.20
Oficina de Bolsa de Crochê,Juliana Aoki,1,190.00,100.80,133.00,32.20
Oficina de Bolsa de Crochê,Juliana Aoki,1,190.00,106.04,133.00,26.96
Oficina de Bolsa de Crochê,Juliana Aoki,1,190.00,100.80,133.00,32.20
Oficina de Bolsa de Crochê,Juliana Aoki,1,190.00,100.80,133.00,32.20
Oficina de Croissant,Receitaria Escola Gourmet,1,425.00,281.69,297.50,15.81
Oficina de Croissant,Receitaria Escola Gourmet,1,425.00,241.29,297.50,56.21
Oficina de Perfumaria Criativa & Meditação Guiada,Lab Botanic,1,260.00,209.30,182.00,-27.30
Oficina de Perfumaria Criativa & Meditação Guiada,Lab Botanic,1,260.00,209.30,182.00,-27.30
Oficina de Perfumaria Criativa & Meditação Guiada,Lab Botanic,1,260.00,209.30,182.00,-27.30
Oficina de Perfumaria Criativa + Brunch & Meditação Guiada,Lab Botanic,1,260.00,209.30,182.00,-27.30
Oficina de Perfumaria Natural: Seu Perfume Botânico,Harbolita,1,297.00,197.90,207.90,10.00
Pão de Mel Artesanal,Receitaria Escola Gourmet,1,425.00,281.69,297.50,15.81
Pasta & Date nas Alturas,Accademia Gastronomica,1,590.00,390.46,413.00,22.54
Pasta & Date nas Alturas,Accademia Gastronomica,1,590.00,390.46,413.00,22.54
Pasta & Date nas Alturas,Accademia Gastronomica,2,1180.00,743.40,826.00,82.60
Pasta & Date nas Alturas: Dia dos Namorados,Accademia Gastronomica,2,1180.00,867.43,826.00,-41.43
Pintura de Quadro com Cristal & Aperol Spritz,Sarques,2,598.00,418.60,418.60,0.00
Pintura em Copo & Vela + Home Spray,Meigo Mimo,1,200.00,126.00,140.00,14.00
Pintura em Copo & Vela + Home Spray,Meigo Mimo,1,200.00,132.50,140.00,7.50
Pintura em Copo & Vela + Home Spray,Meigo Mimo,1,200.00,132.50,140.00,7.50
Pintura em Taça,Ateliê Meu Outro Lado,1,180.00,113.40,126.00,12.60
Pintura em Taça,Ateliê Meu Outro Lado,1,180.00,113.40,126.00,12.60
Pintura em Taça,Ateliê Meu Outro Lado,1,180.00,113.40,126.00,12.60
Pintura em Taça,Ateliê Meu Outro Lado,1,180.00,113.40,126.00,12.60
Pintura em Taça,Ateliê Meu Outro Lado,1,180.00,113.40,126.00,12.60
Pintura em Taça,Ateliê Meu Outro Lado,1,180.00,119.27,126.00,6.73
Pintura em Taça,Ateliê Meu Outro Lado,1,180.00,113.40,126.00,12.60
Pintura em Taça,Ateliê Meu Outro Lado,1,180.00,119.27,126.00,6.73
Pintura em Taça,Ateliê Meu Outro Lado,1,180.00,119.27,126.00,6.73
Pintura em Taça,Ateliê Meu Outro Lado,1,180.00,119.27,126.00,6.73
Pintura em Taça,Ateliê Meu Outro Lado,1,180.00,113.40,126.00,12.60
Pintura em Taça,Ateliê Meu Outro Lado,1,180.00,113.40,126.00,12.60
Pintura em Taça,Ateliê Meu Outro Lado,2,360.00,226.80,252.00,25.20
Pintura em Taça,Ateliê Meu Outro Lado,2,360.00,238.33,252.00,13.67
Pintura em Taça,Ateliê Meu Outro Lado,3,540.00,340.20,378.00,37.80
Pintura em Taça,Ateliê Meu Outro Lado,2,360.00,238.33,252.00,13.67
Pintura em Taça,Ateliê Meu Outro Lado,1,180.00,132.50,126.00,-6.50
Pintura em Taça,Ateliê Meu Outro Lado,2,360.00,226.80,252.00,25.20
Pintura em Taça,Ateliê Meu Outro Lado,1,180.00,113.40,126.00,12.60
Pintura em Taça,Ateliê Meu Outro Lado,1,180.00,0.00,126.00,126.00
Princípios da Cozinha - Básico & Bem Feito,Casa Zuri,1,290.00,182.70,203.00,20.30
Sabonete Artesanal,Ateliê Meu Outro Lado,1,170.00,106.40,119.00,12.60
Sabonete Artesanal,Ateliê Meu Outro Lado,1,170.00,106.40,119.00,12.60
Sabonete Artesanal,Ateliê Meu Outro Lado,1,170.00,106.40,119.00,12.60
Sabonete Artesanal,Ateliê Meu Outro Lado,1,170.00,106.40,119.00,12.60
Sabonete Artesanal,Ateliê Meu Outro Lado,1,170.00,111.92,119.00,7.08
Sabonete Artesanal,Ateliê Meu Outro Lado,1,170.00,106.40,119.00,12.60
Sabonete Artesanal,Ateliê Meu Outro Lado,1,170.00,106.40,119.00,12.60
Sabonete Artesanal,Ateliê Meu Outro Lado,2,340.00,223.63,238.00,14.37
Sabonete Artesanal,Ateliê Meu Outro Lado,3,510.00,335.34,357.00,21.66
Sabonete Artesanal,Ateliê Meu Outro Lado,1,170.00,106.40,119.00,12.60
Sabonete Artesanal,Ateliê Meu Outro Lado,1,170.00,106.40,119.00,12.60
Sabonete Artesanal,Ateliê Meu Outro Lado,2,340.00,223.63,238.00,14.37
Tela & Tinta: Pintura Guiada,Giovanna Fiorenzano,1,169.00,118.30,118.30,0.00
Tela & Tinta: Pintura Guiada,Giovanna Fiorenzano,1,169.00,118.30,118.30,0.00
Tela & Tinta: Pintura Guiada,Giovanna Fiorenzano,1,169.00,118.30,118.30,0.00
Vela & Pintura em Copo + Home Spray,Meigo Mimo,2,400.00,252.00,280.00,28.00
Vela Aromática,Ateliê Meu Outro Lado,1,180.00,113.40,126.00,12.60
Vela Aromática,The Cozy Home,1,300.00,182.70,210.00,27.30
Vela Aromática,Ateliê Meu Outro Lado,1,180.00,119.27,126.00,6.73
Vela Aromática,Ateliê Meu Outro Lado,1,180.00,113.40,126.00,12.60
Vela Aromática,Ateliê Meu Outro Lado,1,180.00,113.40,126.00,12.60
Vela Aromática,Ateliê Meu Outro Lado,1,180.00,113.40,126.00,12.60
Vela Aromática,Ateliê Meu Outro Lado,1,180.00,119.27,126.00,6.73
Vela Aromática,Ateliê Meu Outro Lado,1,180.00,113.40,126.00,12.60
Vela Aromática,Ateliê Meu Outro Lado,1,180.00,113.40,126.00,12.60
Vela Aromática,The Cozy Home,1,300.00,182.70,210.00,27.30
